{
  "stable": {
    "mean_HR": {
      "p10": 63.80781175042597,
      "p50": 69.66530364985613,
      "p90": 71.09049735685993
    },
    "RMSSD": {
      "p10": 29.242684943889294,
      "p50": 36.01258460594018,
      "p90": 95.3207280416624
    },
    "SDNN": {
      "p10": 38.10566081247281,
      "p50": 59.798046315955915,
      "p90": 93.13797805458489
    },
    "LF_HF": {
      "p10": 0.9726693860004149,
      "p50": 1.9365887918947735,
      "p90": 3.4266099683637217
    },
    "SCL_mean": {
      "p10": 2.5322610786223363,
      "p50": 2.9909388958816816,
      "p90": 4.214998051265445
    },
    "SCL_slope": {
      "p10": -0.8434086212529893,
      "p50": -0.3753261052951724,
      "p90": -0.03512948424681645
    },
    "SCR_rate": {
      "p10": 0.0,
      "p50": 1.0,
      "p90": 3.0
    },
    "SCR_amp_mean": {
      "p10": 0.0,
      "p50": 0.037553838097079684,
      "p90": 0.15204860589441216
    },
    "resp_rate": {
      "p10": 16.09918722812914,
      "p50": 16.80201624194903,
      "p90": 17.16209707423764
    },
    "resp_CV": {
      "p10": 0.146951074813455,
      "p50": 0.20223573726752544,
      "p90": 0.28670607483545546
    },
    "resp_amp_std": {
      "p10": 1058.7729357438002,
      "p50": 1605.9761186038018,
      "p90": 3185.241483562904
    }
  },
  "middle": {
    "mean_HR": {
      "p10": 65.27196148605819,
      "p50": 72.43789215936336,
      "p90": 75.27797031626288
    },
    "RMSSD": {
      "p10": 37.611305272939035,
      "p50": 47.49935163554447,
      "p90": 53.35301984318827
    },
    "SDNN": {
      "p10": 59.68464912494984,
      "p50": 72.50370709249518,
      "p90": 82.90112694470326
    },
    "LF_HF": {
      "p10": 1.9175501881728765,
      "p50": 3.51508040010997,
      "p90": 10.770765979222368
    },
    "SCL_mean": {
      "p10": 4.307784209563968,
      "p50": 4.816812876059313,
      "p90": 5.331847112331393
    },
    "SCL_slope": {
      "p10": -0.8762087118333663,
      "p50": -0.18082506055488867,
      "p90": 0.7799259606452749
    },
    "SCR_rate": {
      "p10": 2.0,
      "p50": 5.0,
      "p90": 8.0
    },
    "SCR_amp_mean": {
      "p10": 0.10012767579509675,
      "p50": 0.13660011168085395,
      "p90": 0.15906666682656545
    },
    "resp_rate": {
      "p10": 12.823498846679955,
      "p50": 14.351954073746965,
      "p90": 17.011294241244094
    },
    "resp_CV": {
      "p10": 0.31093665052735453,
      "p50": 0.40165182595890286,
      "p90": 0.4882224201849743
    },
    "resp_amp_std": {
      "p10": 1921.1103110108727,
      "p50": 3451.5210805928195,
      "p90": 5828.03560762059
    }
  },
  "mess": {
    "mean_HR": {
      "p10": 74.18369033640082,
      "p50": 76.7302158878662,
      "p90": 80.42252791418152
    },
    "RMSSD": {
      "p10": 43.08176477528299,
      "p50": 59.712331222286075,
      "p90": 113.85284450756477
    },
    "SDNN": {
      "p10": 72.07802638279246,
      "p50": 89.82146076374315,
      "p90": 121.78254437432638
    },
    "LF_HF": {
      "p10": 0.9846766145158254,
      "p50": 3.054266057350365,
      "p90": 8.18570633076018
    },
    "SCL_mean": {
      "p10": 6.3672945981041025,
      "p50": 6.50545736892416,
      "p90": 6.647983945648652
    },
    "SCL_slope": {
      "p10": -0.4887846257064289,
      "p50": 0.08977670795888049,
      "p90": 0.46823285482506555
    },
    "SCR_rate": {
      "p10": 12.0,
      "p50": 14.0,
      "p90": 18.6
    },
    "SCR_amp_mean": {
      "p10": 0.14352953970227517,
      "p50": 0.18605027557717382,
      "p90": 0.22355004943147505
    },
    "resp_rate": {
      "p10": 13.780816228717049,
      "p50": 15.949266143885168,
      "p90": 17.760566601994743
    },
    "resp_CV": {
      "p10": 0.3168874240054113,
      "p50": 0.3905267471897829,
      "p90": 0.5491442950654446
    },
    "resp_amp_std": {
      "p10": 4424.002731992267,
      "p50": 7314.567989770801,
      "p90": 13618.629005318673
    }
  }
}